question_id,teacher_key,student_answer,score,reasoning
332,Proses mengolah kembali barang bekas atau limbah menjadi produk baru yang memiliki nilai guna.,Daur ulang adalah proses mengolah kembali limbah atau barang bekas menjadi produk baru yang memiliki nilai guna bagi manusia.,100.0,"Jawaban sangat lengkap dan mencakup semua poin kunci: proses pengolahan, objek berupa limbah, hasil berupa produk baru, dan adanya nilai guna."
332,Proses mengolah kembali barang bekas atau limbah menjadi produk baru yang memiliki nilai guna.,Tindakan memproses lagi sampah atau material sisa agar berubah menjadi barang jadi yang bermanfaat dan bisa dipakai lagi.,95.0,"Jawaban ini hampir sempurna karena menyebutkan proses perubahan material sisa menjadi barang bermanfaat, hanya pemilihan katanya sedikit berbeda dari kunci jawaban."
332,Proses mengolah kembali barang bekas atau limbah menjadi produk baru yang memiliki nilai guna.,Kegiatan mengolah kembali barang-barang yang sudah tidak terpakai sehingga menjadi produk yang memiliki fungsi pakai.,90.0,Siswa memahami konsep inti tentang pengolahan barang bekas menjadi produk fungsional. Poin tentang 'limbah' tersirat dalam kata 'barang tidak terpakai'.
332,Proses mengolah kembali barang bekas atau limbah menjadi produk baru yang memiliki nilai guna.,Mengubah sampah menjadi produk baru yang mempunyai nilai ekonomis atau nilai pakai melalui proses pengolahan.,88.0,Jawaban mencakup semua kriteria utama dalam kunci jawaban. Penyebutan 'nilai ekonomis' merupakan tambahan yang relevan dengan 'nilai guna'.
332,Proses mengolah kembali barang bekas atau limbah menjadi produk baru yang memiliki nilai guna.,Mengolah barang bekas menjadi barang yang bisa digunakan kembali.,80.0,"Poin tentang mengolah barang bekas sudah benar, namun tidak secara eksplisit menyebutkan proses menjadi 'produk baru' yang spesifik."
332,Proses mengolah kembali barang bekas atau limbah menjadi produk baru yang memiliki nilai guna.,Proses memanfaatkan limbah agar memiliki kegunaan bagi masyarakat.,75.0,"Siswa menyebutkan pemanfaatan limbah dan kegunaannya, tetapi melewatkan bagian bahwa limbah tersebut harus diolah menjadi 'produk baru'."
332,Proses mengolah kembali barang bekas atau limbah menjadi produk baru yang memiliki nilai guna.,Mendaur ulang sampah supaya bisa menjadi sesuatu yang bermanfaat.,70.0,"Jawaban benar secara konsep umum, namun terlalu singkat dan tidak menjelaskan proses 'mengolah kembali' secara mendalam."
332,Proses mengolah kembali barang bekas atau limbah menjadi produk baru yang memiliki nilai guna.,Membuat kerajinan tangan dari bahan-bahan plastik atau kertas bekas.,65.0,"Jawaban ini merupakan contoh aplikasi dari daur ulang, bukan definisi umum. Poin tentang mengolah barang bekas sudah ada namun terlalu spesifik."
332,Proses mengolah kembali barang bekas atau limbah menjadi produk baru yang memiliki nilai guna.,Mengubah limbah menjadi barang yang lebih berharga.,60.0,"Siswa menangkap poin perubahan limbah dan nilai gunanya, namun tidak menjelaskan bahwa ada proses produksi yang terlibat di dalamnya."
332,Proses mengolah kembali barang bekas atau limbah menjadi produk baru yang memiliki nilai guna.,Cara untuk mengurangi penumpukan sampah di lingkungan.,55.0,"Hanya menyebutkan tujuan atau dampak dari proses tersebut, tanpa menjelaskan apa itu proses pengolahan barang bekasnya sendiri."
332,Proses mengolah kembali barang bekas atau limbah menjadi produk baru yang memiliki nilai guna.,Mengumpulkan botol plastik untuk dijual kembali ke pengepul.,45.0,"Jawaban ini lebih merujuk pada kegiatan pengumpulan barang bekas, bukan proses 'mengolah kembali menjadi produk baru' sesuai kunci jawaban."
332,Proses mengolah kembali barang bekas atau limbah menjadi produk baru yang memiliki nilai guna.,Membersihkan barang yang sudah kotor agar bisa dipakai lagi.,40.0,"Konsep yang disampaikan adalah pencucian atau pembersihan (reuse), bukan pengolahan kembali (recycling) menjadi produk baru."
332,Proses mengolah kembali barang bekas atau limbah menjadi produk baru yang memiliki nilai guna.,Proses menjaga lingkungan dari pencemaran sampah plastik.,35.0,Terlalu umum dan hanya menyentuh aspek lingkungan tanpa menjelaskan definisi teknis dari proses pengolahan limbah itu sendiri.
332,Proses mengolah kembali barang bekas atau limbah menjadi produk baru yang memiliki nilai guna.,Barang sisa yang diolah.,30.0,"Jawaban terlalu singkat dan menggantung. Meskipun menyebut pengolahan barang sisa, elemen 'produk baru' dan 'nilai guna' tidak disebutkan."
332,Proses mengolah kembali barang bekas atau limbah menjadi produk baru yang memiliki nilai guna.,Membeli barang yang ramah lingkungan.,25.0,Jawaban tidak relevan dengan proses pengolahan limbah. Siswa keliru antara aksi konsumsi hijau dengan proses daur ulang.
332,Proses mengolah kembali barang bekas atau limbah menjadi produk baru yang memiliki nilai guna.,Plastik bekas.,15.0,"Hanya menyebutkan objek atau contoh material, tanpa menyertakan tindakan atau definisi proses yang diminta."
332,Proses mengolah kembali barang bekas atau limbah menjadi produk baru yang memiliki nilai guna.,Kebersihan.,10.0,Hanya menyebutkan satu kata yang berkaitan sangat jauh dengan konteks pengolahan limbah.
332,Proses mengolah kembali barang bekas atau limbah menjadi produk baru yang memiliki nilai guna.,Pabrik.,5.0,"Sama sekali tidak relevan. Kata tersebut mungkin merujuk pada tempat pengolahan, tapi tidak menjelaskan definisi prosesnya."
332,Proses mengolah kembali barang bekas atau limbah menjadi produk baru yang memiliki nilai guna.,asdfghjkl,0.0,Jawaban tidak bermakna karena hanya berisi rangkaian huruf acak yang tidak membentuk kata atau kalimat.
332,Proses mengolah kembali barang bekas atau limbah menjadi produk baru yang memiliki nilai guna., ,0.0,Siswa tidak memberikan jawaban sama sekali (kosong).
333,Membiarkan lampu atau alat elektronik menyala saat tidak digunakan; solusinya adalah mematikannya setelah dipakai.,"Membiarkan alat elektronik menyala saat tidak digunakan. Solusinya, kita harus mematikannya setelah selesai memakainya agar hemat energi.",100.0,Jawaban sangat lengkap karena mencakup identifikasi masalah dan solusi yang tepat sesuai kunci. Struktur kalimat sangat jelas dan mencerminkan pemahaman penuh terhadap konsep.
333,Membiarkan lampu atau alat elektronik menyala saat tidak digunakan; solusinya adalah mematikannya setelah dipakai.,Perilaku yang boros listrik adalah membiarkan lampu tetap menyala meskipun tidak ada orang di ruangan. Solusi terbaik adalah mematikan lampu dan alat elektronik segera setelah selesai digunakan.,95.0,Jawaban mencakup poin masalah dan solusi dengan sangat baik. Penggunaan contoh lampu memperjelas konteks pemborosan energi.
333,Membiarkan lampu atau alat elektronik menyala saat tidak digunakan; solusinya adalah mematikannya setelah dipakai.,Contohnya adalah membiarkan TV atau lampu menyala saat tidak diperlukan. Cara mengatasinya adalah dengan membiasakan diri untuk mematikan perangkat elektronik jika tidak lagi dipakai.,90.0,Jawaban hampir sempurna dengan menyebutkan masalah dan solusi secara eksplisit. Deskripsi perilaku dan tindakannya sangat sesuai dengan maksud kunci jawaban.
333,Membiarkan lampu atau alat elektronik menyala saat tidak digunakan; solusinya adalah mematikannya setelah dipakai.,Lampu yang dibiarkan hidup terus-menerus padahal tidak ada yang memakai adalah pemborosan. Kita harus mematikan alat tersebut saat sudah selesai.,88.0,Siswa berhasil mengidentifikasi perilaku boros dan memberikan solusi yang relevan. Sedikit kurang formal namun poin intinya tersampaikan dengan benar.
333,Membiarkan lampu atau alat elektronik menyala saat tidak digunakan; solusinya adalah mematikannya setelah dipakai.,Membiarkan lampu hidup. Solusinya adalah dimatikan.,82.0,Jawaban mencakup masalah dan solusi namun sangat singkat. Tidak menyebutkan kategori 'alat elektronik' secara umum sebagaimana di kunci jawaban.
333,Membiarkan lampu atau alat elektronik menyala saat tidak digunakan; solusinya adalah mematikannya setelah dipakai.,Contoh pemborosan adalah alat elektronik yang menyala terus. Kita harus mematikannya.,80.0,"Menyebutkan masalah dan solusi dengan benar. Namun, kurang spesifik mengenai kondisi bahwa alat tersebut sedang 'tidak digunakan'."
333,Membiarkan lampu atau alat elektronik menyala saat tidak digunakan; solusinya adalah mematikannya setelah dipakai.,Membiarkan lampu menyala saat tidak digunakan. Solusinya kita harus lebih hemat energi.,75.0,"Poin masalah sudah tepat sesuai kunci. Namun, bagian solusi masih terlalu umum dan tidak menyebutkan tindakan spesifik 'mematikan'."
333,Membiarkan lampu atau alat elektronik menyala saat tidak digunakan; solusinya adalah mematikannya setelah dipakai.,Menggunakan listrik berlebihan. Solusinya harus dimatikan kalau sudah tidak perlu.,70.0,Identifikasi masalah agak kabur karena hanya menyebutkan 'berlebihan'. Solusinya sudah benar namun kurang detail dalam menghubungkannya dengan alat elektronik.
333,Membiarkan lampu atau alat elektronik menyala saat tidak digunakan; solusinya adalah mematikannya setelah dipakai.,Lupa mematikan lampu saat keluar rumah.,65.0,"Siswa sudah mengidentifikasi perilaku yang salah (masalah). Namun, jawaban ini sama sekali tidak menyertakan solusi yang diminta oleh soal."
333,Membiarkan lampu atau alat elektronik menyala saat tidak digunakan; solusinya adalah mematikannya setelah dipakai.,Solusinya matikan alatnya.,55.0,Hanya menjawab bagian solusi tanpa menyebutkan perilaku atau masalah apa yang sedang dibahas. Konsep yang ditangkap hanya setengah.
333,Membiarkan lampu atau alat elektronik menyala saat tidak digunakan; solusinya adalah mematikannya setelah dipakai.,Membiarkan kipas angin berputar.,50.0,"Menjelaskan contoh perilaku yang salah secara spesifik. Namun, tidak ada penjelasan solusi dan cakupannya terlalu sempit hanya pada satu alat."
333,Membiarkan lampu atau alat elektronik menyala saat tidak digunakan; solusinya adalah mematikannya setelah dipakai.,Harus mematikan TV.,45.0,Hanya memberikan solusi untuk satu jenis alat elektronik. Tidak menjelaskan perilaku pemborosan yang terjadi sebelumnya.
333,Membiarkan lampu atau alat elektronik menyala saat tidak digunakan; solusinya adalah mematikannya setelah dipakai.,Lampu menyala terus di malam hari.,40.0,"Menyentuh sedikit poin tentang pemborosan lampu. Tidak ada solusi yang ditawarkan dan pernyataan ini bisa dianggap sebagai fakta, bukan identifikasi masalah yang lengkap."
333,Membiarkan lampu atau alat elektronik menyala saat tidak digunakan; solusinya adalah mematikannya setelah dipakai.,Hemat listrik biar tidak bayar mahal.,35.0,Jawaban hanya menyentuh tujuan dari hemat energi secara umum. Tidak menyebutkan perilaku spesifik maupun solusi mematikan alat.
333,Membiarkan lampu atau alat elektronik menyala saat tidak digunakan; solusinya adalah mematikannya setelah dipakai.,Menggunakan air secukupnya.,20.0,"Jawaban tidak relevan karena membahas sumber daya air, bukan listrik atau alat elektronik. Masih dalam tema pelestarian lingkungan namun melenceng dari kunci."
333,Membiarkan lampu atau alat elektronik menyala saat tidak digunakan; solusinya adalah mematikannya setelah dipakai.,Membayar tagihan.,15.0,Jawaban tidak relevan dengan perilaku penggunaan alat elektronik. Konteks yang diambil salah arah.
333,Membiarkan lampu atau alat elektronik menyala saat tidak digunakan; solusinya adalah mematikannya setelah dipakai.,Lampu.,10.0,Jawaban hanya terdiri dari satu kata benda yang terdapat dalam kunci. Tidak ada penjelasan mengenai masalah maupun solusinya.
333,Membiarkan lampu atau alat elektronik menyala saat tidak digunakan; solusinya adalah mematikannya setelah dipakai.,Membuang sampah pada tempatnya.,5.0,Jawaban sepenuhnya salah dan tidak ada kaitannya dengan penghematan energi elektronik. Siswa kemungkinan asal menjawab.
333,Membiarkan lampu atau alat elektronik menyala saat tidak digunakan; solusinya adalah mematikannya setelah dipakai.,asdfghjkl,0.0,Jawaban tidak bermakna dan hanya terdiri dari rangkaian huruf acak. Tidak ada poin benar sedikit pun.
333,Membiarkan lampu atau alat elektronik menyala saat tidak digunakan; solusinya adalah mematikannya setelah dipakai., ,0.0,Jawaban kosong. Siswa tidak memberikan respon apa pun terhadap pertanyaan.
335,"Mematikan keran air saat menyabuni tangan atau menyikat gigi, serta memperbaiki kebocoran pipa.","Mematikan keran air saat sedang menyabuni tangan atau menyikat gigi, serta segera memperbaiki jika ada kebocoran pada pipa.",100.0,Jawaban sangat lengkap dan akurat sesuai kunci jawaban. Mencakup kedua poin utama yaitu perilaku saat menggunakan air dan pemeliharaan pipa.
335,"Mematikan keran air saat menyabuni tangan atau menyikat gigi, serta memperbaiki kebocoran pipa.","Langkah yang bisa dilakukan adalah mematikan kran air pada saat menyikat gigi dan menyabuni tangan, lalu memastikan tidak ada pipa yang bocor.",95.0,Jawaban mencakup semua poin penting dengan redaksi kalimat yang baik. Semua konsep dari kunci jawaban tersampaikan dengan jelas.
335,"Mematikan keran air saat menyabuni tangan atau menyikat gigi, serta memperbaiki kebocoran pipa.","Cara menghemat air adalah dengan menutup kran saat pakai sabun atau gosok gigi, serta memperbaiki pipa air yang rusak.",90.0,Jawaban sangat bagus dan mencakup inti dari kunci jawaban. Terdapat sedikit variasi kata namun maknanya tetap sama dengan kunci.
335,"Mematikan keran air saat menyabuni tangan atau menyikat gigi, serta memperbaiki kebocoran pipa.","Kita harus mematikan keran air ketika sedang menyabuni tangan atau sikat gigi, dan segera membetulkan pipa yang bocor.",92.0,Jawaban mencakup poin mematikan keran saat aktivitas tertentu dan poin perbaikan pipa. Sangat mendekati kunci jawaban.
335,"Mematikan keran air saat menyabuni tangan atau menyikat gigi, serta memperbaiki kebocoran pipa.",Mematikan keran air saat menyabuni tangan atau menyikat gigi.,75.0,"Jawaban benar untuk poin penghematan saat aktivitas, namun melewatkan poin penting mengenai perbaikan kebocoran pipa."
335,"Mematikan keran air saat menyabuni tangan atau menyikat gigi, serta memperbaiki kebocoran pipa.",Mematikan air pas lagi sabunan sama benerin pipa bocor.,80.0,Mencakup kedua poin utama dalam kunci jawaban. Penggunaan bahasa kurang formal namun secara substansi sudah cukup lengkap.
335,"Mematikan keran air saat menyabuni tangan atau menyikat gigi, serta memperbaiki kebocoran pipa.",Memperbaiki kebocoran pipa dan menghemat air saat mandi atau cuci muka.,65.0,"Poin perbaikan pipa disebutkan, namun poin penghematan saat menyabuni tangan/gigi kurang spesifik sesuai kunci."
335,"Mematikan keran air saat menyabuni tangan atau menyikat gigi, serta memperbaiki kebocoran pipa.",Selalu menutup kran air jika tidak digunakan dan memperbaiki saluran air yang rusak.,70.0,"Mencakup konsep dasar penghematan dan pemeliharaan. Namun, kurang spesifik mengenai momen 'menyabuni tangan atau menyikat gigi'."
335,"Mematikan keran air saat menyabuni tangan atau menyikat gigi, serta memperbaiki kebocoran pipa.",Mematikan keran air dan jangan biarkan air mengalir terus menerus saat tidak diperlukan.,60.0,Jawaban benar secara umum untuk penghematan air. Sayangnya tidak menyebutkan poin spesifik tentang pipa bocor dan momen menyabuni tangan.
335,"Mematikan keran air saat menyabuni tangan atau menyikat gigi, serta memperbaiki kebocoran pipa.",Membetulkan pipa yang rusak supaya air tidak terbuang.,50.0,Hanya menyebutkan salah satu poin yaitu perbaikan pipa. Poin mengenai perilaku mematikan keran saat aktivitas tidak disebutkan.
335,"Mematikan keran air saat menyabuni tangan atau menyikat gigi, serta memperbaiki kebocoran pipa.",Gunakan air secukupnya saja saat cuci tangan.,40.0,Jawaban terlalu umum dan hanya menyentuh sebagian kecil dari konsep perilaku hemat air. Poin pipa bocor terlewatkan.
335,"Mematikan keran air saat menyabuni tangan atau menyikat gigi, serta memperbaiki kebocoran pipa.",Mematikan keran kalau sudah selesai.,35.0,Hanya menyentuh konsep dasar mematikan keran. Tidak spesifik mengenai kondisi saat menyabuni atau adanya kebocoran pipa.
335,"Mematikan keran air saat menyabuni tangan atau menyikat gigi, serta memperbaiki kebocoran pipa.",Menghemat air setiap hari di rumah.,30.0,Jawaban sangat normatif dan tidak memberikan langkah konkret sesuai yang diminta dalam kunci jawaban.
335,"Mematikan keran air saat menyabuni tangan atau menyikat gigi, serta memperbaiki kebocoran pipa.",Jangan buang-buang air.,30.0,Hanya berisi imbauan umum. Tidak ada penjelasan mengenai cara spesifik seperti mematikan keran saat menyabuni atau memperbaiki pipa.
335,"Mematikan keran air saat menyabuni tangan atau menyikat gigi, serta memperbaiki kebocoran pipa.",Menanam pohon agar air banyak.,20.0,Jawaban tidak relevan dengan konteks penghematan air melalui keran dan pipa yang diminta dalam kunci jawaban.
335,"Mematikan keran air saat menyabuni tangan atau menyikat gigi, serta memperbaiki kebocoran pipa.",Tidak tahu jawabannya.,10.0,Siswa tidak memberikan jawaban yang berkaitan dengan materi. Skor diberikan minimal atas usaha pengisian.
335,"Mematikan keran air saat menyabuni tangan atau menyikat gigi, serta memperbaiki kebocoran pipa.",Air itu bersih.,15.0,Jawaban tidak nyambung dengan pertanyaan tentang cara menghemat air. Hanya menyebutkan sifat air.
335,"Mematikan keran air saat menyabuni tangan atau menyikat gigi, serta memperbaiki kebocoran pipa.",Mandi.,5.0,Hanya satu kata yang tidak menjelaskan tindakan penghematan apa pun. Tidak relevan dengan kunci jawaban.
335,"Mematikan keran air saat menyabuni tangan atau menyikat gigi, serta memperbaiki kebocoran pipa.",.....,0.0,Jawaban tidak mengandung kata atau makna yang bisa dinilai. Hanya berupa tanda baca.
335,"Mematikan keran air saat menyabuni tangan atau menyikat gigi, serta memperbaiki kebocoran pipa.",asdfghjkl,0.0,Jawaban tidak bermakna dan hanya berupa ketikan asal. Tidak ada poin yang bisa dinilai.
336,Pembakaran bahan bakar fosil melepaskan gas berbahaya seperti karbon monoksida dan karbon dioksida ke atmosfer.,Pembakaran bahan bakar fosil menghasilkan gas berbahaya seperti karbon monoksida dan karbon dioksida ke atmosfer.,100.0,"Jawaban ini sangat akurat dan mencakup semua poin kunci. Semua elemen dari subjek, proses, jenis gas, hingga dampaknya pada atmosfer disebutkan dengan sempurna."
336,Pembakaran bahan bakar fosil melepaskan gas berbahaya seperti karbon monoksida dan karbon dioksida ke atmosfer.,"Saat bahan bakar fosil dibakar, gas-gas beracun seperti CO dan CO2 dilepaskan ke udara.",95.0,"Jawaban sangat baik karena mencakup proses pembakaran dan jenis gas yang dilepaskan. Penggunaan simbol kimia CO dan CO2 dianggap benar, meski kata atmosfer diganti dengan udara."
336,Pembakaran bahan bakar fosil melepaskan gas berbahaya seperti karbon monoksida dan karbon dioksida ke atmosfer.,Emisi dari pembakaran fosil mengeluarkan zat berbahaya yakni karbon monoksida serta karbon dioksida ke lapisan atmosfer.,98.0,Jawaban mencakup semua kata kunci utama dengan struktur kalimat yang baik. Semua poin teknis mengenai jenis gas dan sumbernya disebutkan dengan lengkap.
336,Pembakaran bahan bakar fosil melepaskan gas berbahaya seperti karbon monoksida dan karbon dioksida ke atmosfer.,Pembakaran fosil melepaskan polutan berupa karbon monoksida dan karbon dioksida ke lingkungan atmosfer.,92.0,Poin-poin penting seperti pembakaran fosil dan nama-nama gas sudah ada. Sedikit variasi pada kata 'polutan' tetap dianggap benar dan relevan dengan kunci jawaban.
336,Pembakaran bahan bakar fosil melepaskan gas berbahaya seperti karbon monoksida dan karbon dioksida ke atmosfer.,Bahan bakar fosil menghasilkan gas karbon dioksida yang dilepaskan ke atmosfer.,75.0,"Jawaban benar mengenai sumber dan dampaknya ke atmosfer. Namun, poin mengenai gas karbon monoksida tidak disebutkan sehingga kurang lengkap."
336,Pembakaran bahan bakar fosil melepaskan gas berbahaya seperti karbon monoksida dan karbon dioksida ke atmosfer.,Pembakaran fosil melepaskan gas berbahaya ke lingkungan.,65.0,"Siswa memahami proses pembakaran bahan bakar fosil dan pelepasan gasnya. Namun, ia gagal menyebutkan secara spesifik jenis gas (CO dan CO2) yang diminta kunci jawaban."
336,Pembakaran bahan bakar fosil melepaskan gas berbahaya seperti karbon monoksida dan karbon dioksida ke atmosfer.,Karbon monoksida dan karbon dioksida dilepaskan saat terjadi pembakaran bahan bakar.,80.0,Jawaban menyebutkan jenis-jenis gas dengan tepat. Kekurangannya hanya tidak menyebutkan secara eksplisit bahwa gas tersebut dilepaskan ke 'atmosfer'.
336,Pembakaran bahan bakar fosil melepaskan gas berbahaya seperti karbon monoksida dan karbon dioksida ke atmosfer.,Gas berbahaya seperti CO2 berasal dari pembakaran bahan bakar fosil.,70.0,Konsep sumber energi dan salah satu jenis gas sudah benar. Kekurangannya adalah tidak menyebutkan karbon monoksida dan lokasi pelepasannya (atmosfer).
336,Pembakaran bahan bakar fosil melepaskan gas berbahaya seperti karbon monoksida dan karbon dioksida ke atmosfer.,Bahan bakar fosil dibakar dan mengeluarkan asap yang merusak udara.,60.0,"Jawaban menangkap konsep dasar pembakaran dan dampak lingkungan. Namun, istilah 'asap yang merusak' terlalu umum dan tidak menyebutkan nama gas kimia yang spesifik."
336,Pembakaran bahan bakar fosil melepaskan gas berbahaya seperti karbon monoksida dan karbon dioksida ke atmosfer.,Gas berbahaya di atmosfer.,35.0,Jawaban hanya menyentuh bagian akhir dari konsep kunci. Tidak ada penjelasan mengenai sumber (pembakaran fosil) maupun jenis gas yang dimaksud.
336,Pembakaran bahan bakar fosil melepaskan gas berbahaya seperti karbon monoksida dan karbon dioksida ke atmosfer.,Bahan bakar fosil dibakar.,40.0,Siswa hanya menyebutkan proses awalnya saja. Dampak berupa pelepasan gas berbahaya dan jenis gasnya tidak dijelaskan sama sekali.
336,Pembakaran bahan bakar fosil melepaskan gas berbahaya seperti karbon monoksida dan karbon dioksida ke atmosfer.,Karbon dioksida keluar dari mesin kendaraan.,30.0,Siswa memberikan contoh spesifik namun terlalu sempit. Tidak ada penyebutan bahan bakar fosil secara umum atau gas karbon monoksida.
336,Pembakaran bahan bakar fosil melepaskan gas berbahaya seperti karbon monoksida dan karbon dioksida ke atmosfer.,Polusi udara akibat proses pembakaran.,45.0,Jawaban mengandung inti masalah namun terlalu general. Nama bahan bakar dan nama gas-gas spesifik tidak disebutkan sesuai kunci jawaban.
336,Pembakaran bahan bakar fosil melepaskan gas berbahaya seperti karbon monoksida dan karbon dioksida ke atmosfer.,Melepaskan gas-gas ke langit.,32.0,Jawaban terlalu sederhana dan menggunakan bahasa non-ilmiah. Sumber gas dan jenis gasnya tidak diidentifikasi.
336,Pembakaran bahan bakar fosil melepaskan gas berbahaya seperti karbon monoksida dan karbon dioksida ke atmosfer.,Matahari panas.,10.0,Jawaban tidak relevan dengan pertanyaan mengenai emisi bahan bakar fosil. Tidak ada poin benar yang bersinggungan dengan kunci jawaban.
336,Pembakaran bahan bakar fosil melepaskan gas berbahaya seperti karbon monoksida dan karbon dioksida ke atmosfer.,Oksigen.,5.0,Jawaban salah total karena oksigen bukan gas berbahaya hasil pembakaran fosil yang dimaksud. Hanya terdiri dari satu kata yang tidak tepat.
336,Pembakaran bahan bakar fosil melepaskan gas berbahaya seperti karbon monoksida dan karbon dioksida ke atmosfer.,Pemanasan global.,25.0,"Jawaban menyebutkan dampak lanjutan, namun bukan itu yang ditanyakan. Siswa melewatkan seluruh poin tentang proses kimia dan jenis gasnya."
336,Pembakaran bahan bakar fosil melepaskan gas berbahaya seperti karbon monoksida dan karbon dioksida ke atmosfer.,Gas.,15.0,Jawaban terlalu singkat dan sangat umum. Tidak memberikan informasi yang berguna atau spesifik terkait kunci jawaban.
336,Pembakaran bahan bakar fosil melepaskan gas berbahaya seperti karbon monoksida dan karbon dioksida ke atmosfer.,asdfghjkl,0.0,Jawaban tidak bermakna dan hanya berupa rangkaian huruf acak. Tidak ada upaya menjawab soal.
336,Pembakaran bahan bakar fosil melepaskan gas berbahaya seperti karbon monoksida dan karbon dioksida ke atmosfer.,...,0.0,Jawaban kosong atau hanya berisi tanda baca. Tidak ada informasi yang diberikan sama sekali.
327,"Peningkatan suhu rata-rata atmosfer, laut, dan daratan bumi secara global.","Pemanasan global adalah fenomena meningkatnya temperatur rata-rata di atmosfer, permukaan tanah, dan perairan laut di seluruh dunia.",98.0,"Jawaban sangat lengkap dan mencakup semua poin kunci yaitu peningkatan suhu rata-rata di atmosfer, daratan, dan laut. Struktur kalimat sangat baik dan maknanya identik dengan kunci jawaban."
327,"Peningkatan suhu rata-rata atmosfer, laut, dan daratan bumi secara global.","Terjadinya peningkatan suhu rata-rata global pada atmosfer, laut, dan daratan bumi.",100.0,"Jawaban ini sempurna karena mengandung seluruh kata kunci dari kunci jawaban secara tepat. Semua elemen lokasi (atmosfer, laut, daratan) dan sifat kenaikannya (suhu rata-rata) disebutkan."
327,"Peningkatan suhu rata-rata atmosfer, laut, dan daratan bumi secara global.","Proses meningkatnya suhu rata-rata di daratan, laut, dan atmosfer bumi secara global.",97.0,Jawaban sangat bagus dan akurat dalam mendefinisikan objek yang mengalami kenaikan suhu. Urutan penyebutan lokasi sedikit berbeda namun tetap mencakup seluruh substansi kunci jawaban.
327,"Peningkatan suhu rata-rata atmosfer, laut, dan daratan bumi secara global.","Kenaikan suhu rata-rata pada lapisan udara, laut, serta daratan di bumi secara menyeluruh.",95.0,Siswa menggunakan sinonim yang tepat seperti 'lapisan udara' untuk atmosfer dan 'menyeluruh' untuk global. Poin utama mengenai peningkatan suhu rata-rata pada tiga elemen bumi terpenuhi dengan sangat baik.
327,"Peningkatan suhu rata-rata atmosfer, laut, dan daratan bumi secara global.",Kondisi dimana atmosfer dan daratan bumi mengalami kenaikan suhu secara global.,75.0,"Jawaban ini sudah benar dalam menyebutkan peningkatan suhu global di atmosfer dan daratan. Namun, siswa melewatkan poin mengenai peningkatan suhu di laut."
327,"Peningkatan suhu rata-rata atmosfer, laut, dan daratan bumi secara global.",Naiknya suhu bumi secara drastis pada atmosfer dan laut.,70.0,Jawaban menyebutkan peningkatan suhu pada dua elemen penting yaitu atmosfer dan laut. Poin yang kurang adalah penyebutan daratan dan penggunaan kata 'rata-rata' yang penting dalam definisi ilmiah ini.
327,"Peningkatan suhu rata-rata atmosfer, laut, dan daratan bumi secara global.",Meningkatnya panas di atmosfer dan permukaan laut di seluruh dunia.,68.0,"Siswa memahami konsep kenaikan panas secara global di atmosfer dan laut. Sayangnya, aspek daratan tidak disebutkan dan istilah 'suhu rata-rata' diganti dengan 'panas' yang kurang formal secara saintifik."
327,"Peningkatan suhu rata-rata atmosfer, laut, dan daratan bumi secara global.",Peningkatan panas matahari yang membuat suhu bumi naik di daratan dan laut.,65.0,"Jawaban mencakup kenaikan suhu di daratan dan laut secara umum. Namun, konsep peningkatan di atmosfer terlewatkan dan terdapat penambahan info penyebab (matahari) yang tidak diminta di definisi dasar."
327,"Peningkatan suhu rata-rata atmosfer, laut, dan daratan bumi secara global.",Suhu rata-rata bumi yang terus merangkak naik setiap tahunnya secara global.,60.0,"Jawaban menyebutkan poin 'suhu rata-rata' dan 'global', namun sangat kurang spesifik. Siswa tidak merinci bahwa kenaikan tersebut terjadi di atmosfer, laut, dan daratan."
327,"Peningkatan suhu rata-rata atmosfer, laut, dan daratan bumi secara global.",Bumi yang semakin panas dari waktu ke waktu secara menyeluruh.,50.0,"Jawaban ini terlalu umum dan menggunakan bahasa yang sangat kasual. Poin tentang atmosfer, laut, dan daratan sama sekali tidak disebutkan secara spesifik."
327,"Peningkatan suhu rata-rata atmosfer, laut, dan daratan bumi secara global.",Kondisi bumi yang mengalami perubahan suhu secara menyeluruh.,45.0,"Jawaban menyebutkan perubahan suhu global, namun tidak spesifik menyatakan bahwa perubahan tersebut adalah 'peningkatan'. Selain itu, lokasi spesifik seperti atmosfer, laut, dan darat tidak ada."
327,"Peningkatan suhu rata-rata atmosfer, laut, dan daratan bumi secara global.",Suhu udara yang naik karena polusi di seluruh dunia.,40.0,"Hanya menyentuh satu bagian kecil yaitu kenaikan suhu udara (atmosfer). Poin tentang laut dan daratan hilang, serta siswa malah fokus pada penyebab daripada definisi objeknya."
327,"Peningkatan suhu rata-rata atmosfer, laut, dan daratan bumi secara global.",Peningkatan temperatur di atmosfer saja.,35.0,"Jawaban terlalu sempit karena hanya membatasi fenomena pada atmosfer. Konsep kenaikan suhu di laut, daratan, dan sifat globalnya tidak tersampaikan dengan baik."
327,"Peningkatan suhu rata-rata atmosfer, laut, dan daratan bumi secara global.",Efek rumah kaca yang membuat laut jadi panas.,30.0,Siswa hanya menyebutkan kenaikan suhu di satu lokasi (laut) dan mencampurnya dengan istilah penyebab (efek rumah kaca). Definisi ini sangat tidak lengkap dibandingkan kunci jawaban.
327,"Peningkatan suhu rata-rata atmosfer, laut, dan daratan bumi secara global.",Es mencair di kutub.,20.0,"Jawaban ini tidak relevan secara definisi karena menyebutkan dampak, bukan pengertian dari peningkatan suhu itu sendiri. Tidak ada penyebutan suhu, atmosfer, laut, atau daratan."
327,"Peningkatan suhu rata-rata atmosfer, laut, dan daratan bumi secara global.",Polusi udara.,15.0,Jawaban sangat tidak tepat karena hanya menyebutkan salah satu penyebab pemanasan global. Tidak ada poin dalam kunci jawaban yang tersinggung sama sekali dalam kalimat ini.
327,"Peningkatan suhu rata-rata atmosfer, laut, dan daratan bumi secara global.",Matahari semakin terik.,10.0,Jawaban tidak ilmiah dan tidak sesuai dengan konsep peningkatan suhu rata-rata bumi. Ini lebih merujuk pada pengamatan cuaca harian daripada fenomena global yang dimaksud.
327,"Peningkatan suhu rata-rata atmosfer, laut, dan daratan bumi secara global.",Panas.,5.0,"Jawaban hanya terdiri dari satu kata yang sangat umum. Tidak ada penjelasan mengenai suhu rata-rata, lokasi (atmosfer/laut/darat), maupun skala globalnya."
327,"Peningkatan suhu rata-rata atmosfer, laut, dan daratan bumi secara global.",asdfghjkl,0.0,Jawaban tidak bermakna karena hanya berisi rangkaian huruf acak. Tidak ada poin benar yang bisa diambil.
327,"Peningkatan suhu rata-rata atmosfer, laut, dan daratan bumi secara global.",.....,0.0,Jawaban kosong atau hanya berupa tanda baca yang tidak memiliki nilai informasi sama sekali.
328,Pohon menyerap karbon dioksida (CO2) dan menghasilkan oksigen (O2) melalui proses fotosintesis.,Pohon menyerap karbon dioksida dan mengeluarkan oksigen ke atmosfer melalui proses yang disebut fotosintesis.,100.0,"Jawaban sangat lengkap dan akurat. Semua poin kunci yaitu penyerapan CO2, pelepasan O2, dan nama proses fotosintesis disebutkan dengan benar."
328,Pohon menyerap karbon dioksida (CO2) dan menghasilkan oksigen (O2) melalui proses fotosintesis.,"Melalui proses fotosintesis, tumbuhan mengambil CO2 dari udara dan mengubahnya menjadi O2 yang kita hirup.",95.0,Jawaban mencakup semua elemen dari kunci jawaban dengan penggunaan istilah kimia yang tepat. Alur proses pertukaran gas dijelaskan dengan sangat baik.
328,Pohon menyerap karbon dioksida (CO2) dan menghasilkan oksigen (O2) melalui proses fotosintesis.,Pohon melakukan fotosintesis untuk menyerap gas karbon dioksida serta menghasilkan oksigen bagi lingkungan.,92.0,Siswa menyebutkan kedua jenis gas dan nama prosesnya secara tepat. Kalimat disusun dengan struktur yang benar dan mudah dipahami.
328,Pohon menyerap karbon dioksida (CO2) dan menghasilkan oksigen (O2) melalui proses fotosintesis.,Tumbuhan hijau menghirup karbon dioksida dan melepaskan oksigen saat proses fotosintesis berlangsung.,88.0,"Jawaban benar secara konsep meskipun menggunakan kata 'menghirup' yang kurang formal. Poin mengenai CO2, O2, dan fotosintesis tetap tersampaikan."
328,Pohon menyerap karbon dioksida (CO2) dan menghasilkan oksigen (O2) melalui proses fotosintesis.,Pohon menyerap karbon dioksida dan menghasilkan oksigen.,80.0,"Kedua gas disebutkan dengan benar sesuai perannya. Namun, siswa tidak menyebutkan istilah 'fotosintesis' sebagai nama prosesnya."
328,Pohon menyerap karbon dioksida (CO2) dan menghasilkan oksigen (O2) melalui proses fotosintesis.,Tumbuhan menghasilkan oksigen melalui proses fotosintesis.,75.0,Nama proses dan produk yang dihasilkan sudah benar. Kekurangannya adalah tidak menyebutkan gas karbon dioksida yang diserap dalam proses tersebut.
328,Pohon menyerap karbon dioksida (CO2) dan menghasilkan oksigen (O2) melalui proses fotosintesis.,Fotosintesis adalah proses di mana pohon menyerap CO2 untuk mengeluarkan udara segar.,70.0,"Istilah fotosintesis dan penyerapan CO2 sudah tepat. Namun, penggunaan istilah 'udara segar' kurang spesifik dibandingkan dengan kata 'oksigen'."
328,Pohon menyerap karbon dioksida (CO2) dan menghasilkan oksigen (O2) melalui proses fotosintesis.,Pohon mengambil CO2 dan O2 melalui daun saat siang hari.,65.0,"Siswa menyebutkan kedua gas, namun tidak menjelaskan secara detail mana yang diserap dan mana yang dihasilkan. Istilah fotosintesis juga terlewat."
328,Pohon menyerap karbon dioksida (CO2) dan menghasilkan oksigen (O2) melalui proses fotosintesis.,Proses fotosintesis merubah gas di udara menjadi oksigen yang berguna.,60.0,"Poin tentang fotosintesis dan hasil oksigen sudah benar. Namun, siswa tidak menyebutkan secara spesifik bahwa gas yang diolah adalah karbon dioksida."
328,Pohon menyerap karbon dioksida (CO2) dan menghasilkan oksigen (O2) melalui proses fotosintesis.,Pohon melakukan fotosintesis.,55.0,Jawaban hanya menyebutkan nama proses utamanya saja. Tidak ada penjelasan mengenai gas yang diserap maupun gas yang dihasilkan.
328,Pohon menyerap karbon dioksida (CO2) dan menghasilkan oksigen (O2) melalui proses fotosintesis.,Tumbuhan itu menyerap karbon dioksida.,50.0,"Siswa hanya menyebutkan satu bagian dari proses, yaitu penyerapan CO2. Poin tentang oksigen dan nama proses fotosintesis tidak disebutkan."
328,Pohon menyerap karbon dioksida (CO2) dan menghasilkan oksigen (O2) melalui proses fotosintesis.,Pohon sangat penting karena menghasilkan oksigen.,45.0,Hanya menyebutkan hasil akhirnya saja tanpa menjelaskan prosesnya. Konsep penyerapan karbon dioksida dan istilah fotosintesis hilang sama sekali.
328,Pohon menyerap karbon dioksida (CO2) dan menghasilkan oksigen (O2) melalui proses fotosintesis.,Pohon menyerap udara kotor agar menjadi bersih.,35.0,"Jawaban terlalu umum dan menggunakan bahasa awam. Tidak ada istilah ilmiah seperti CO2, O2, atau fotosintesis yang digunakan."
328,Pohon menyerap karbon dioksida (CO2) dan menghasilkan oksigen (O2) melalui proses fotosintesis.,Prosesnya terjadi di daun tanaman.,30.0,Hanya menyebutkan lokasi terjadinya proses secara umum. Tidak menyentuh inti jawaban mengenai pertukaran gas dan nama prosesnya.
328,Pohon menyerap karbon dioksida (CO2) dan menghasilkan oksigen (O2) melalui proses fotosintesis.,Pohon,20.0,Jawaban hanya berupa satu kata benda yang menjadi subjek soal. Tidak ada penjelasan mengenai mekanisme atau proses yang ditanyakan.
328,Pohon menyerap karbon dioksida (CO2) dan menghasilkan oksigen (O2) melalui proses fotosintesis.,Pohon membutuhkan air untuk tumbuh besar.,15.0,Jawaban tidak relevan dengan pertanyaan tentang hubungan pohon dengan CO2 dan O2. Konsep yang disampaikan menyimpang dari kunci jawaban.
328,Pohon menyerap karbon dioksida (CO2) dan menghasilkan oksigen (O2) melalui proses fotosintesis.,Oksigen dihirup manusia.,10.0,"Meskipun menyebutkan oksigen, konteksnya salah karena fokus pada manusia, bukan proses yang dilakukan oleh pohon. Poin utama tidak terjawab."
328,Pohon menyerap karbon dioksida (CO2) dan menghasilkan oksigen (O2) melalui proses fotosintesis.,Fotosintesis adalah memasak.,5.0,Siswa menggunakan analogi yang sangat sederhana tanpa menjelaskan komponen gas yang terlibat. Skor minimal diberikan karena masih menyebutkan istilah fotosintesis.
328,Pohon menyerap karbon dioksida (CO2) dan menghasilkan oksigen (O2) melalui proses fotosintesis.,asdfghjkl,0.0,Jawaban hanya berupa rangkaian huruf acak yang tidak membentuk kata atau makna. Tidak ada poin benar sama sekali.
328,Pohon menyerap karbon dioksida (CO2) dan menghasilkan oksigen (O2) melalui proses fotosintesis., ,0.0,Jawaban kosong atau hanya berisi spasi. Siswa tidak memberikan respon apa pun terhadap pertanyaan.
329,"Sampah organik mudah terurai secara alami, sedangkan sampah anorganik sulit atau tidak dapat terurai secara alami.","Perbedaannya terletak pada proses penguraiannya; sampah organik dapat membusuk atau terurai secara alami dengan cepat, sementara sampah anorganik sangat sulit atau bahkan tidak bisa terurai oleh alam.",100.0,Jawaban sangat lengkap dan akurat. Siswa menjelaskan kedua jenis sampah beserta karakteristik penguraiannya secara alami dengan tepat sesuai kunci jawaban.
329,"Sampah organik mudah terurai secara alami, sedangkan sampah anorganik sulit atau tidak dapat terurai secara alami.","Sampah organik mudah sekali hancur di alam, sedangkan kalau sampah anorganik itu susah banget busuknya dan butuh waktu sangat lama untuk hilang.",95.0,Jawaban benar dan mencakup inti dari kunci jawaban. Penggunaan bahasa sehari-hari seperti 'hancur' dan 'susah banget busuknya' tetap merepresentasikan konsep terurai secara alami dengan baik.
329,"Sampah organik mudah terurai secara alami, sedangkan sampah anorganik sulit atau tidak dapat terurai secara alami.","Organik bisa diuraikan secara natural oleh mikroorganisme, namun anorganik sifatnya tidak dapat diuraikan secara alami.",90.0,"Jawaban mencakup poin utama mengenai perbedaan kemampuan urai kedua jenis sampah. Penjelasan tambahan mengenai mikroorganisme memperkuat pemahaman konsep, meskipun tidak ada di kunci jawaban."
329,"Sampah organik mudah terurai secara alami, sedangkan sampah anorganik sulit atau tidak dapat terurai secara alami.","Sampah organik itu gampang terurai di tanah, tapi kalau anorganik sifatnya berlawanan karena sulit untuk terurai secara alami.",88.0,Jawaban sudah mencakup perbandingan yang diminta. Poin mengenai kemudahan terurai untuk organik dan kesulitan untuk anorganik disampaikan dengan jelas.
329,"Sampah organik mudah terurai secara alami, sedangkan sampah anorganik sulit atau tidak dapat terurai secara alami.",Sampah organik adalah jenis sampah yang bisa membusuk kembali ke alam.,65.0,"Jawaban hanya menjelaskan satu sisi, yaitu tentang sampah organik. Konsep tentang sampah anorganik sama sekali tidak disebutkan sehingga poinnya tidak lengkap."
329,"Sampah organik mudah terurai secara alami, sedangkan sampah anorganik sulit atau tidak dapat terurai secara alami.","Bedanya adalah sampah organik mudah hancur, sedangkan anorganik harus diolah dulu karena tidak bisa hancur sendiri.",75.0,"Siswa memahami bahwa organik mudah hancur dan anorganik tidak. Namun, frasa 'harus diolah dulu' sedikit melenceng dari fokus utama kunci jawaban mengenai proses alami."
329,"Sampah organik mudah terurai secara alami, sedangkan sampah anorganik sulit atau tidak dapat terurai secara alami.",Kalau anorganik itu seperti plastik yang sangat sulit terurai secara alami di lingkungan.,60.0,"Siswa memberikan poin yang benar mengenai sifat anorganik dan memberikan contoh. Namun, jawaban ini kurang lengkap karena tidak menyebutkan perbandingannya dengan sampah organik."
329,"Sampah organik mudah terurai secara alami, sedangkan sampah anorganik sulit atau tidak dapat terurai secara alami.","Sampah organik berasal dari makhluk hidup sehingga mudah terurai, beda dengan anorganik yang buatan manusia.",70.0,"Siswa menyebutkan poin penting mengenai kemudahan organik untuk terurai. Namun, karakteristik penguraian untuk anorganik hanya tersirat dan tidak disebutkan secara eksplisit."
329,"Sampah organik mudah terurai secara alami, sedangkan sampah anorganik sulit atau tidak dapat terurai secara alami.","Organik itu sampah yang bisa membusuk, kalau yang anorganik sebaliknya.",80.0,"Jawaban sudah benar secara logika perbandingan. Hanya saja, penjelasan mengenai proses 'secara alami' tidak disebutkan secara eksplisit untuk memperkuat konteks penguraian."
329,"Sampah organik mudah terurai secara alami, sedangkan sampah anorganik sulit atau tidak dapat terurai secara alami.",Sampah organik itu berasal dari sisa makanan atau alam.,40.0,"Jawaban hanya menyentuh sumber sampah organik, bukan karakteristik penguraiannya. Poin mengenai sampah anorganik dan kemampuan terurai secara alami tidak disebutkan."
329,"Sampah organik mudah terurai secara alami, sedangkan sampah anorganik sulit atau tidak dapat terurai secara alami.",Plastik dan kaleng itu susah hancurnya kalau dibuang sembarangan di tanah.,35.0,"Siswa memberikan contoh sampah anorganik dan sifatnya yang sulit hancur. Namun, konsep klasifikasi 'organik/anorganik' dan perbandingannya tidak dijelaskan secara formal."
329,"Sampah organik mudah terurai secara alami, sedangkan sampah anorganik sulit atau tidak dapat terurai secara alami.",Ini tentang cara hancurnya sampah di lingkungan kita.,30.0,Jawaban terlalu umum dan hanya menyebutkan tema besar pertanyaan. Tidak ada penjelasan spesifik mengenai perbedaan organik dan anorganik sesuai kunci jawaban.
329,"Sampah organik mudah terurai secara alami, sedangkan sampah anorganik sulit atau tidak dapat terurai secara alami.",Biasanya sampah organik itu basah dan anorganik itu sampah yang kering.,45.0,"Siswa menyebutkan ciri fisik yang sering dikaitkan dengan jenis sampah tersebut, namun bukan itu poin utamanya. Karakteristik penguraian secara alami tidak dibahas."
329,"Sampah organik mudah terurai secara alami, sedangkan sampah anorganik sulit atau tidak dapat terurai secara alami.",Organik mudah diolah jadi kompos.,30.0,Hanya menyebutkan kegunaan salah satu jenis sampah. Konsep utama tentang perbedaan kemampuan terurai secara alami tidak tersampaikan.
329,"Sampah organik mudah terurai secara alami, sedangkan sampah anorganik sulit atau tidak dapat terurai secara alami.",Sampah.,10.0,Jawaban terlalu singkat dan tidak memberikan penjelasan apa pun. Hanya menyebutkan subjek utama tanpa menjawab inti pertanyaan.
329,"Sampah organik mudah terurai secara alami, sedangkan sampah anorganik sulit atau tidak dapat terurai secara alami.",Kita harus membuang sampah pada tempatnya agar lingkungan bersih.,5.0,Jawaban tidak relevan dengan pertanyaan mengenai perbedaan organik dan anorganik. Siswa memberikan pesan moral alih-alih penjelasan ilmiah.
329,"Sampah organik mudah terurai secara alami, sedangkan sampah anorganik sulit atau tidak dapat terurai secara alami.",Daur ulang.,15.0,Jawaban hanya berupa satu istilah yang berhubungan dengan pengelolaan sampah. Tidak ada penjelasan mengenai proses penguraian alami yang diminta.
329,"Sampah organik mudah terurai secara alami, sedangkan sampah anorganik sulit atau tidak dapat terurai secara alami.",Tong sampah warna hijau untuk yang bisa busuk.,25.0,Siswa menyebutkan aplikasi praktis pemisahan sampah namun tidak menjelaskan definisinya. Konsep anorganik dan perbandingan cara terurainya terlewatkan.
329,"Sampah organik mudah terurai secara alami, sedangkan sampah anorganik sulit atau tidak dapat terurai secara alami.",...,0.0,Siswa tidak memberikan jawaban yang bermakna. Hanya berisi tanda baca yang tidak menjawab pertanyaan.
329,"Sampah organik mudah terurai secara alami, sedangkan sampah anorganik sulit atau tidak dapat terurai secara alami.",asdfjklgh,0.0,Jawaban tidak memiliki makna dan hanya berupa rangkaian huruf acak. Tidak ada poin benar yang dapat diambil.
334,"Sinar ultraviolet (UV) masuk ke bumi tanpa filter, memicu kanker kulit, katarak, dan kerusakan ekosistem.","Sinar ultraviolet (UV) masuk ke bumi tanpa adanya filter, yang mengakibatkan munculnya penyakit kanker kulit, katarak, serta rusaknya ekosistem di bumi secara luas.",100.0,Jawaban sangat lengkap dan mencakup semua poin kunci mulai dari masuknya sinar UV tanpa filter hingga dampak kesehatan dan lingkungan. Struktur kalimat sangat baik dan sesuai dengan kunci jawaban.
334,"Sinar ultraviolet (UV) masuk ke bumi tanpa filter, memicu kanker kulit, katarak, dan kerusakan ekosistem.","Paparan radiasi UV yang tidak tersaring masuk ke atmosfer bumi memicu masalah kesehatan serius seperti kanker kulit dan katarak, serta mengganggu keseimbangan ekosistem.",95.0,"Siswa menyebutkan semua poin utama: ketiadaan filter, dampak kesehatan (kanker dan katarak), serta dampak ekosistem. Penggunaan istilah radiasi menambah nilai akurasi."
334,"Sinar ultraviolet (UV) masuk ke bumi tanpa filter, memicu kanker kulit, katarak, dan kerusakan ekosistem.","Tanpa filter, sinar UV akan menembus bumi dan menyebabkan penyakit kanker kulit, gangguan penglihatan seperti katarak, serta merusak ekosistem alam.",90.0,Jawaban mencakup semua elemen kunci dari kunci jawaban. Penjelasan mengenai katarak sebagai gangguan penglihatan tetap dianggap benar dan relevan.
334,"Sinar ultraviolet (UV) masuk ke bumi tanpa filter, memicu kanker kulit, katarak, dan kerusakan ekosistem.","Efeknya adalah sinar ultraviolet masuk tanpa penghalang, lalu memicu kanker kulit, katarak, dan merusak lingkungan atau ekosistem.",85.0,"Poin-poin utama sudah terpenuhi, meskipun pemilihan kata 'lingkungan' sedikit lebih umum daripada 'ekosistem'. Namun, secara keseluruhan maknanya tetap sama."
334,"Sinar ultraviolet (UV) masuk ke bumi tanpa filter, memicu kanker kulit, katarak, dan kerusakan ekosistem.",Sinar UV masuk ke bumi tanpa filter dan menyebabkan kanker kulit serta katarak bagi manusia.,75.0,"Siswa menyebutkan mekanisme masuknya sinar dan dampak kesehatan dengan benar. Namun, poin mengenai kerusakan ekosistem tidak disebutkan sama sekali."
334,"Sinar ultraviolet (UV) masuk ke bumi tanpa filter, memicu kanker kulit, katarak, dan kerusakan ekosistem.",Radiasi matahari memicu kanker kulit dan merusak ekosistem karena lapisan pelindungnya sudah hilang.,70.0,"Siswa memahami konsep hilangnya filter dan dampak pada kulit serta ekosistem. Sayangnya, dampak spesifik berupa penyakit katarak terlewatkan."
334,"Sinar ultraviolet (UV) masuk ke bumi tanpa filter, memicu kanker kulit, katarak, dan kerusakan ekosistem.",Sinar ultraviolet yang masuk langsung ke bumi dapat merusak mata seperti katarak dan juga merusak alam sekitar.,65.0,"Poin mengenai masuknya sinar UV, katarak, dan ekosistem sudah ada. Namun, dampak krusial yaitu kanker kulit tidak dicantumkan dalam jawaban."
334,"Sinar ultraviolet (UV) masuk ke bumi tanpa filter, memicu kanker kulit, katarak, dan kerusakan ekosistem.",Hal ini menyebabkan kanker kulit dan rusaknya ekosistem karena sinar UV tidak lagi tersaring saat masuk ke bumi.,65.0,"Jawaban menyentuh poin filter, kanker kulit, dan ekosistem. Poin mengenai katarak hilang sehingga penilaian tidak bisa maksimal."
334,"Sinar ultraviolet (UV) masuk ke bumi tanpa filter, memicu kanker kulit, katarak, dan kerusakan ekosistem.",Sinar UV masuk tanpa filter menyebabkan masalah kesehatan yang sangat buruk dan merusak lingkungan.,60.0,"Konsep masuknya sinar tanpa filter dan kerusakan lingkungan sudah benar. Namun, penyebutan dampak kesehatan terlalu umum dan tidak spesifik menyebut kanker kulit atau katarak."
334,"Sinar ultraviolet (UV) masuk ke bumi tanpa filter, memicu kanker kulit, katarak, dan kerusakan ekosistem.",Sinar UV bisa menyebabkan penyakit kanker kulit yang berbahaya bagi manusia.,50.0,"Siswa benar dalam menyebutkan salah satu dampak kesehatan (kanker kulit). Namun, poin mengenai ketiadaan filter, katarak, dan ekosistem tidak dijelaskan."
334,"Sinar ultraviolet (UV) masuk ke bumi tanpa filter, memicu kanker kulit, katarak, dan kerusakan ekosistem.",Bumi akan semakin panas dan ekosistem akan rusak karena radiasi matahari.,45.0,"Poin mengenai kerusakan ekosistem sudah benar, tetapi siswa tidak menyebutkan sinar UV secara spesifik. Dampak kesehatan dan mekanisme filter juga hilang."
334,"Sinar ultraviolet (UV) masuk ke bumi tanpa filter, memicu kanker kulit, katarak, dan kerusakan ekosistem.",Banyak orang akan terkena katarak karena sinar ultraviolet dari matahari.,40.0,"Siswa hanya menyebutkan satu poin dampak yaitu katarak. Mekanisme filter, dampak kanker kulit, dan kerusakan ekosistem tidak disebutkan."
334,"Sinar ultraviolet (UV) masuk ke bumi tanpa filter, memicu kanker kulit, katarak, dan kerusakan ekosistem.",Radiasi masuk ke bumi tanpa ada penghalang lagi.,35.0,Hanya menyentuh poin mekanisme masuknya radiasi tanpa filter. Tidak ada penjelasan mengenai dampak kesehatan maupun dampak lingkungan yang terjadi.
334,"Sinar ultraviolet (UV) masuk ke bumi tanpa filter, memicu kanker kulit, katarak, dan kerusakan ekosistem.",Sinar matahari tanpa filter merusak kulit kita.,30.0,"Pernyataan sangat singkat, hanya menyebutkan filter dan dampak kulit secara umum. Istilah spesifik kanker kulit, katarak, dan ekosistem terlewatkan."
334,"Sinar ultraviolet (UV) masuk ke bumi tanpa filter, memicu kanker kulit, katarak, dan kerusakan ekosistem.",Pemanasan global semakin parah dan suhu naik.,25.0,"Jawaban kurang relevan karena lebih fokus pada fenomena pemanasan global secara umum. Tidak menyebutkan sinar UV, kanker, katarak, atau filter."
334,"Sinar ultraviolet (UV) masuk ke bumi tanpa filter, memicu kanker kulit, katarak, dan kerusakan ekosistem.",Matahari membakar bumi.,15.0,Jawaban terlalu sederhana dan bersifat metaforis. Tidak mengandung istilah ilmiah atau dampak spesifik yang diminta dalam kunci jawaban.
334,"Sinar ultraviolet (UV) masuk ke bumi tanpa filter, memicu kanker kulit, katarak, dan kerusakan ekosistem.",Bahaya radiasi.,10.0,"Jawaban terlalu singkat dan sangat umum. Tidak menjelaskan apa radiasinya, mengapa berbahaya, atau apa dampaknya bagi makhluk hidup."
334,"Sinar ultraviolet (UV) masuk ke bumi tanpa filter, memicu kanker kulit, katarak, dan kerusakan ekosistem.",Polusi udara.,5.0,Jawaban tidak relevan dengan pertanyaan mengenai dampak sinar UV dan lapisan ozon. Konsep yang disampaikan salah total.
334,"Sinar ultraviolet (UV) masuk ke bumi tanpa filter, memicu kanker kulit, katarak, dan kerusakan ekosistem.",---,0.0,Jawaban tidak bermakna karena hanya berisi karakter tanda hubung. Tidak ada informasi yang bisa dinilai.
334,"Sinar ultraviolet (UV) masuk ke bumi tanpa filter, memicu kanker kulit, katarak, dan kerusakan ekosistem.",adsjhkasdf,0.0,Jawaban tidak bermakna dan hanya berupa ketikan acak. Siswa dianggap tidak menjawab pertanyaan dengan benar.
330,Menyumbat aliran air yang menyebabkan banjir serta mencemari ekosistem dan biota air.,"Menyebabkan penyumbatan saluran air yang berujung banjir, serta mencemari ekosistem air dan biota laut atau sungai.",100.0,"Jawaban sangat lengkap karena mencakup semua poin kunci: penyumbatan, banjir, pencemaran ekosistem, dan biota air. Penggunaan terminologi sudah tepat dan sesuai dengan kunci jawaban."
330,Menyumbat aliran air yang menyebabkan banjir serta mencemari ekosistem dan biota air.,"Membuang sampah ke sungai bisa menyumbat aliran air sehingga terjadi banjir, selain itu juga merusak ekosistem dan biota yang ada di dalam air.",95.0,Siswa berhasil mengidentifikasi dampak fisik berupa penyumbatan dan banjir serta dampak biologis pada ekosistem. Struktur kalimat baik dan poin yang disampaikan komprehensif.
330,Menyumbat aliran air yang menyebabkan banjir serta mencemari ekosistem dan biota air.,Sampah akan menghambat jalannya air yang memicu banjir dan mengotori lingkungan air serta mengancam nyawa makhluk hidup di dalamnya.,90.0,"Poin penyumbatan, banjir, dan dampak pada makhluk hidup (biota) sudah ada. Hanya sedikit perbedaan diksi namun substansi jawaban sudah sepenuhnya benar."
330,Menyumbat aliran air yang menyebabkan banjir serta mencemari ekosistem dan biota air.,Hal ini akan menghalangi arus air yang menyebabkan luapan banjir dan merusak habitat serta organisme yang hidup di air.,88.0,Jawaban menjelaskan mekanisme banjir secara akurat dan menyebutkan dampak pada organisme (biota). Semua poin utama terpenuhi dengan penjelasan yang logis.
330,Menyumbat aliran air yang menyebabkan banjir serta mencemari ekosistem dan biota air.,Akan terjadi banjir akibat mampetnya aliran air dan mengganggu keseimbangan alam di perairan.,80.0,"Poin banjir dan hambatan aliran air sudah benar. Namun, penyebutan 'keseimbangan alam' sedikit terlalu umum dibandingkan istilah 'ekosistem dan biota air' yang lebih spesifik."
330,Menyumbat aliran air yang menyebabkan banjir serta mencemari ekosistem dan biota air.,Bisa bikin banjir karena air tersumbat dan ikan-ikan pada mati karena airnya kotor.,75.0,"Jawaban mencakup poin banjir dan biota (ikan), tetapi penyampaiannya menggunakan bahasa yang kurang formal. Konsep ekosistem secara luas kurang dijelaskan secara mendalam."
330,Menyumbat aliran air yang menyebabkan banjir serta mencemari ekosistem dan biota air.,Menghalangi aliran air sungai dan merusak lingkungan hidup yang ada di dalam air tersebut.,70.0,"Siswa menyebutkan masalah aliran air dan kerusakan lingkungan (ekosistem). Namun, poin mengenai 'banjir' sebagai konsekuensi langsung tidak disebutkan secara eksplisit."
330,Menyumbat aliran air yang menyebabkan banjir serta mencemari ekosistem dan biota air.,"Air jadi tidak lancar jalannya dan bikin banjir, ekosistem air juga jadi tidak sehat.",68.0,"Poin aliran air, banjir, dan ekosistem sudah tersentuh. Kekurangannya terletak pada tidak adanya penyebutan spesifik mengenai biota air dan bahasa yang digunakan terlalu sederhana."
330,Menyumbat aliran air yang menyebabkan banjir serta mencemari ekosistem dan biota air.,Sampah tersebut akan menumpuk dan menyebabkan banjir saat hujan turun serta mencemari air.,62.0,"Poin banjir dan pencemaran air sudah ada. Namun, siswa melewatkan poin penting mengenai penyumbatan aliran air secara spesifik serta dampak pada biota air."
330,Menyumbat aliran air yang menyebabkan banjir serta mencemari ekosistem dan biota air.,Menyebabkan banjir karena banyak sampah menumpuk di dasar sungai.,55.0,Hanya fokus pada satu aspek yaitu banjir dan penumpukan sampah. Konsep mengenai pencemaran ekosistem dan dampak terhadap biota air sama sekali tidak disebutkan.
330,Menyumbat aliran air yang menyebabkan banjir serta mencemari ekosistem dan biota air.,Sungai jadi kotor dan ikan-ikan banyak yang mati karena keracunan sampah.,50.0,Siswa hanya fokus pada aspek pencemaran dan biota (ikan). Poin utama mengenai penyumbatan aliran air dan bencana banjir terabaikan dalam jawaban ini.
330,Menyumbat aliran air yang menyebabkan banjir serta mencemari ekosistem dan biota air.,Merusak ekosistem air dan membuat lingkungan tidak bersih.,45.0,Jawaban hanya menyentuh bagian ekosistem secara umum. Tidak ada penjelasan mengenai mekanisme penyumbatan aliran air maupun dampaknya terhadap banjir.
330,Menyumbat aliran air yang menyebabkan banjir serta mencemari ekosistem dan biota air.,Airnya jadi tercemar dan merusak pemandangan di sekitar sungai.,35.0,"Hanya menyebutkan poin pencemaran secara singkat. Sebagian besar jawaban berfokus pada estetika yang tidak ada dalam kunci jawaban, serta melewatkan poin banjir dan biota."
330,Menyumbat aliran air yang menyebabkan banjir serta mencemari ekosistem dan biota air.,Sampah bikin saluran air mampet dan tidak jalan.,30.0,Siswa hanya menyebutkan satu poin awal saja yaitu penyumbatan aliran. Dampak lanjutan seperti banjir dan pencemaran biota tidak dijelaskan sama sekali.
330,Menyumbat aliran air yang menyebabkan banjir serta mencemari ekosistem dan biota air.,Agar tidak terjadi pencemaran lingkungan.,25.0,Jawaban tidak menjawab pertanyaan mengapa membuang sampah itu berbahaya secara spesifik. Isinya terlalu umum dan tidak menyentuh poin aliran air atau banjir.
330,Menyumbat aliran air yang menyebabkan banjir serta mencemari ekosistem dan biota air.,Bikin bau dan airnya jadi hitam.,15.0,Hanya menyebutkan dampak fisik sekunder (bau dan warna) yang tidak ada dalam kunci jawaban utama. Poin tentang banjir dan biota air terlewat.
330,Menyumbat aliran air yang menyebabkan banjir serta mencemari ekosistem dan biota air.,Banjir.,10.0,Jawaban terlalu singkat dan hanya menyebutkan satu kata kunci. Tidak ada penjelasan mengenai proses penyumbatan atau dampak terhadap ekosistem.
330,Menyumbat aliran air yang menyebabkan banjir serta mencemari ekosistem dan biota air.,Sungai.,5.0,Hanya menyebutkan subjek lokasi tanpa memberikan penjelasan atau jawaban atas dampak yang ditanyakan. Tidak relevan dengan kunci jawaban.
330,Menyumbat aliran air yang menyebabkan banjir serta mencemari ekosistem dan biota air.,asdawdadaw,0.0,Jawaban tidak bermakna dan hanya terdiri dari karakter acak. Tidak ada poin benar yang dapat dinilai.
330,Menyumbat aliran air yang menyebabkan banjir serta mencemari ekosistem dan biota air., ,0.0,Siswa tidak memberikan jawaban atau hanya memberikan spasi kosong. Tidak ada informasi yang bisa dinilai.
331,Kantong kain dapat digunakan berulang kali (reusable) sehingga mengurangi timbulan limbah plastik sekali pakai.,"Kantong kain bersifat reusable atau dapat digunakan berkali-kali, sehingga hal ini secara efektif mengurangi penumpukan limbah plastik sekali pakai di lingkungan.",100.0,Jawaban sangat lengkap karena mencakup sifat reusable dan dampaknya terhadap pengurangan limbah plastik secara eksplisit. Redaksinya sangat mendekati kunci jawaban.
331,Kantong kain dapat digunakan berulang kali (reusable) sehingga mengurangi timbulan limbah plastik sekali pakai.,"Sebab tas kain bisa dipakai terus-menerus dan tidak langsung dibuang, jadi sampah plastik sekali pakai jadi berkurang.",95.0,Poin mengenai penggunaan berulang dan pengurangan limbah plastik disampaikan dengan sangat jelas. Menggunakan bahasa yang lebih santai namun tetap akurat secara substansi.
331,Kantong kain dapat digunakan berulang kali (reusable) sehingga mengurangi timbulan limbah plastik sekali pakai.,"Penggunaan kantong kain dapat meminimalisir sampah karena kain bisa dicuci dan dipakai lagi, tidak seperti plastik yang hanya sekali pakai.",90.0,Jawaban mencakup konsep penggunaan berulang dan perbandingannya dengan plastik. Poin pengurangan limbah tersampaikan dengan baik.
331,Kantong kain dapat digunakan berulang kali (reusable) sehingga mengurangi timbulan limbah plastik sekali pakai.,Karena tas kain dapat digunakan kembali sehingga limbah dari plastik sekali pakai tidak terus bertambah.,88.0,Menyentuh kedua poin utama yaitu kegunaan berulang (reusable) dan pengurangan limbah plastik. Alur logika jawaban benar dan tepat sasaran.
331,Kantong kain dapat digunakan berulang kali (reusable) sehingga mengurangi timbulan limbah plastik sekali pakai.,Kantong kain itu lebih awet dan bisa dipakai berkali-kali untuk belanja.,75.0,"Poin mengenai penggunaan berulang sudah benar. Namun, siswa tidak menjelaskan dampak positifnya terhadap pengurangan limbah plastik secara spesifik."
331,Kantong kain dapat digunakan berulang kali (reusable) sehingga mengurangi timbulan limbah plastik sekali pakai.,Supaya kita tidak banyak menggunakan plastik yang sekali pakai lalu dibuang.,70.0,"Siswa memahami tujuan pengurangan plastik sekali pakai. Namun, poin utama mengenai sifat 'reusable' dari kantong kain tidak disebutkan secara eksplisit."
331,Kantong kain dapat digunakan berulang kali (reusable) sehingga mengurangi timbulan limbah plastik sekali pakai.,Karena kantong kain ramah lingkungan dan tidak menyebabkan sampah plastik menumpuk.,80.0,Sudah menyebutkan dampak pengurangan limbah plastik. Poin mengenai penggunaan berulang tersirat dalam kata 'ramah lingkungan' namun kurang mendalam.
331,Kantong kain dapat digunakan berulang kali (reusable) sehingga mengurangi timbulan limbah plastik sekali pakai.,Tas kain bisa disimpan dan digunakan lagi kalau mau pergi ke pasar.,65.0,"Menjelaskan aspek penggunaan berulang dengan contoh konkret. Sayangnya, tidak ada penjelasan mengenai kaitan hal tersebut dengan pengurangan limbah."
331,Kantong kain dapat digunakan berulang kali (reusable) sehingga mengurangi timbulan limbah plastik sekali pakai.,Bahan kain lebih kuat daripada plastik sehingga tidak cepat jadi sampah.,60.0,"Siswa mencoba menjelaskan alasan mengapa kain lebih baik, tapi fokus pada kekuatan bahan. Konsep 'reusable' dan 'limbah plastik' kurang terdefinisikan dengan jelas."
331,Kantong kain dapat digunakan berulang kali (reusable) sehingga mengurangi timbulan limbah plastik sekali pakai.,Untuk mengurangi plastik di bumi.,50.0,Jawaban terlalu umum dan hanya menyentuh tujuan akhir tanpa menjelaskan mekanisme penggunaan kantong kain sebagai solusinya.
331,Kantong kain dapat digunakan berulang kali (reusable) sehingga mengurangi timbulan limbah plastik sekali pakai.,Bisa dipakai berkali-kali.,55.0,Hanya menyebutkan satu poin kunci yaitu penggunaan berulang. Tidak ada penjelasan mengenai jenis limbah yang dikurangi atau dampaknya.
331,Kantong kain dapat digunakan berulang kali (reusable) sehingga mengurangi timbulan limbah plastik sekali pakai.,Agar lingkungan menjadi bersih dari sampah yang susah terurai.,45.0,Hanya menyentuh aspek lingkungan secara general. Hubungan spesifik antara kantong kain dan plastik sekali pakai tidak dijelaskan.
331,Kantong kain dapat digunakan berulang kali (reusable) sehingga mengurangi timbulan limbah plastik sekali pakai.,Plastik itu bahaya buat kura-kura di laut.,35.0,"Memberikan alasan eksternal mengenai bahaya plastik, namun tidak menjawab mengapa kantong kain digunakan sebagai pengganti berdasarkan kunci jawaban."
331,Kantong kain dapat digunakan berulang kali (reusable) sehingga mengurangi timbulan limbah plastik sekali pakai.,Karena tas kain warnanya lebih bagus dan bisa dicuci.,30.0,"Menyebutkan poin bisa dicuci (tersirat reusable), namun sisanya tidak relevan dengan konteks pengurangan limbah plastik."
331,Kantong kain dapat digunakan berulang kali (reusable) sehingga mengurangi timbulan limbah plastik sekali pakai.,Kain.,10.0,Jawaban terlalu singkat dan tidak membentuk kalimat yang menjelaskan konsep apapun.
331,Kantong kain dapat digunakan berulang kali (reusable) sehingga mengurangi timbulan limbah plastik sekali pakai.,Supaya hemat uang tidak beli plastik.,20.0,"Alasan yang diberikan bersifat ekonomis pribadi, bukan alasan lingkungan atau fungsional sesuai kunci jawaban."
331,Kantong kain dapat digunakan berulang kali (reusable) sehingga mengurangi timbulan limbah plastik sekali pakai.,Biar tidak ribet kalau belanja banyak.,15.0,Jawaban tidak relevan dengan konsep pengurangan limbah atau sifat reusable kantong kain.
331,Kantong kain dapat digunakan berulang kali (reusable) sehingga mengurangi timbulan limbah plastik sekali pakai.,Plastik.,5.0,"Hanya menyebutkan satu kata yang merupakan bagian dari masalah, bukan solusi atau penjelasan yang diminta."
331,Kantong kain dapat digunakan berulang kali (reusable) sehingga mengurangi timbulan limbah plastik sekali pakai.,...,0.0,Jawaban kosong atau hanya berupa simbol yang tidak memiliki makna sama sekali.
331,Kantong kain dapat digunakan berulang kali (reusable) sehingga mengurangi timbulan limbah plastik sekali pakai.,asdfjklgh,0.0,Jawaban berupa karakter acak yang tidak membentuk kata atau maksud yang bisa dinilai.
