sample_label,question_id,history_id,submission_id,user_answer,teacher_key,score_sbert,score_tfidf,score_multilingual,score_indobert,feedback_A_rule,feedback_B_keybert,feedback_C_template,feedback_D_gemini,feedback_E_hybrid
LOW,334,633,61,Pppp,"Sinar ultraviolet (UV) masuk ke bumi tanpa filter, memicu kanker kulit, katarak, dan kerusakan ekosistem.",5.08,0.0,1.24,18.19,Jawaban tidak relevan dengan kunci jawaban.,"Jawaban belum mencakup konsep penting: sinar ultraviolet, ultraviolet uv, ultraviolet, tanpa filter.",Jawaban belum sesuai kunci jawaban (5.1%). Pelajari ulang materi dan coba jawab dengan kata-kata sendiri.,Jawaban tidak relevan karena hanya berisi teks asal yang tidak berkaitan dengan materi dampak sinar ultraviolet. Siswa perlu mempelajari kembali materi tersebut dan memberikan penjelasan logis yang sesuai dengan pertanyaan.,"Jawaban Anda sama sekali tidak mencakup kata kunci penting seperti ""sinar ultraviolet"". Mohon berikan jawaban yang relevan dan sesuai dengan topik pembahasan."
LOW,334,634,67,terjadinya pemasan global dan mencairnya es di kutub,"Sinar ultraviolet (UV) masuk ke bumi tanpa filter, memicu kanker kulit, katarak, dan kerusakan ekosistem.",31.22,4.85,23.76,53.09,Jawaban tidak relevan dengan kunci jawaban.,"Jawaban belum mencakup konsep penting: sinar ultraviolet, ultraviolet uv, ultraviolet, tanpa filter.",Jawaban belum sesuai kunci jawaban (31.2%). Pelajari ulang materi dan coba jawab dengan kata-kata sendiri.,Jawaban siswa kurang tepat karena mencampuradukkan dampak penipisan lapisan ozon dengan fenomena pemanasan global (efek rumah kaca). Siswa perlu memperbaiki pemahaman mengenai dampak spesifik radiasi ultraviolet terhadap kesehatan dan ekosistem agar relevan dengan kunci jawaban.,"Jawaban Anda belum mencakup kata kunci penting seperti ""sinar ultraviolet"". Anda masih tertukar antara dampak penipisan lapisan ozon dengan fenomena pemanasan global."
LOW,334,635,82,"Jika lapisan ozon terus menipis, dampaknya sangat serius bagi Bumi, terutama karena ozon berperan sebagai pelindung alami dari radiasi ultraviolet (UV) berbahaya dari matahari.

Akibat Utama Menipisnya Lapisan Ozon:
1. Peningkatan Radiasi UV-B ke Permukaan Bumi
Radiasi UV-B yang masuk lebih banyak bisa merusak DNA makhluk hidup.
Meningkatkan risiko kanker kulit (melanoma), katarak, dan gangguan sistem imun pada manusia.
Pada anak-anak dan kulit sensitif, risiko lebih tinggi.
2. Kerusakan Ekosistem Laut
Plankton (dasar rantai makanan laut) sangat sensitif terhadap UV — menipisnya ozon bisa mengurangi populasi plankton → mengganggu seluruh ekosistem laut.
Ikan, karang, dan hewan laut lain juga terkena dampak langsung.
3. Gangguan Pertumbuhan Tumbuhan
Tumbuhan (termasuk tanaman pangan) bisa mengalami penurunan fotosintesis, pertumbuhan terhambat, dan hasil panen berkurang.
Contoh: padi, kedelai, dan sayuran bisa rusak akibat paparan UV berlebih.
4. Peningkatan Suhu Global (Tidak Langsung)
Meski ozon bukan gas rumah kaca utama, penipisannya bisa mengubah pola atmosfer → memengaruhi iklim secara tidak langsung.
Juga mempercepat pemanasan di wilayah kutub karena es lebih cepat mencair akibat radiasi UV.
5. Kerusakan Material
Plastik, karet, dan cat bisa lebih cepat rusak karena paparan UV tinggi — mengurangi masa pakai barang-barang sehari-hari.","Sinar ultraviolet (UV) masuk ke bumi tanpa filter, memicu kanker kulit, katarak, dan kerusakan ekosistem.",63.54,22.44,68.85,78.13,"Kurang tepat, perbaiki lagi konsepnya.",Jawaban belum mencakup konsep penting: tanpa filter.,Jawaban kurang tepat (63.5% sesuai kunci). Periksa kembali konsep utama dan gunakan kata kunci yang relevan.,"Jawaban siswa sebenarnya sudah sangat lengkap dan akurat karena mencakup seluruh poin kunci (kanker kulit, katarak, dan ekosistem) dengan penjelasan yang lebih mendalam. Nilai tersebut kemungkinan rendah karena jawaban terlalu panjang atau tidak langsung pada inti kunci jawaban, padahal secara substansi jawaban ini sudah sangat baik.","Jawaban siswa telah mencakup kata kunci penting mengenai radiasi ultraviolet (UV) dengan sangat baik. Seluruh dampak utama yang diminta seperti risiko kanker kulit, katarak, dan kerusakan ekosistem juga telah dijelaskan secara mendalam dan akurat."
LOW,334,637,86,bumi akan memanas,"Sinar ultraviolet (UV) masuk ke bumi tanpa filter, memicu kanker kulit, katarak, dan kerusakan ekosistem.",22.22,8.4,26.64,39.4,Jawaban tidak relevan dengan kunci jawaban.,"Jawaban belum mencakup konsep penting: sinar ultraviolet, ultraviolet uv, ultraviolet, tanpa filter.",Jawaban belum sesuai kunci jawaban (22.2%). Pelajari ulang materi dan coba jawab dengan kata-kata sendiri.,"Jawaban kurang tepat karena ""bumi memanas"" lebih merujuk pada fenomena pemanasan global, sementara kunci jawaban menekankan pada dampak spesifik radiasi ultraviolet terhadap kesehatan dan ekosistem. Siswa perlu mempelajari lebih lanjut perbedaan antara penipisan lapisan ozon dengan efek rumah kaca agar dapat menyebutkan dampak biologis yang lebih relevan.","Jawaban Anda belum mencakup kata kunci penting seperti ""sinar ultraviolet"" atau ""UV"". Fokus jawaban masih kurang tepat karena lebih membahas pemanasan suhu daripada dampak spesifik radiasi ultraviolet terhadap kesehatan dan ekosistem."
LOW,334,638,94,dampaknya adalah kenaikan suhu bumi yang dapat mengakibatkan melelehnya es dan menaikkan ketinggian permukaan air laut,"Sinar ultraviolet (UV) masuk ke bumi tanpa filter, memicu kanker kulit, katarak, dan kerusakan ekosistem.",37.81,6.98,33.26,52.67,Jawaban tidak relevan dengan kunci jawaban.,"Jawaban belum mencakup konsep penting: sinar ultraviolet, ultraviolet uv, ultraviolet, tanpa filter.",Jawaban belum sesuai kunci jawaban (37.8%). Pelajari ulang materi dan coba jawab dengan kata-kata sendiri.,"Jawaban siswa kurang tepat karena menjelaskan dampak pemanasan global, sementara kunci jawaban merujuk pada dampak spesifik radiasi UV akibat penipisan lapisan ozon. Siswa perlu memperbaiki pemahaman dalam membedakan antara efek rumah kaca (kenaikan suhu) dengan bahaya radiasi ultraviolet bagi kesehatan dan ekosistem.","Jawaban Anda belum mencakup kata kunci penting ""sinar ultraviolet"". Anda menjelaskan dampak pemanasan global, sementara kunci jawaban memfokuskan pada dampak kesehatan dan ekosistem akibat radiasi UV."
MID,336,633,57,D,Pembakaran bahan bakar fosil melepaskan gas berbahaya seperti karbon monoksida dan karbon dioksida ke atmosfer.,15.18,0.0,-7.42,20.5,Jawaban tidak relevan dengan kunci jawaban.,Jawaban terlalu singkat atau kosong.,Jawaban terlalu singkat. Kemiripan dengan kunci jawaban hanya 15.2%.,Jawaban siswa tidak tepat karena hanya menyertakan pilihan huruf tanpa memberikan penjelasan materi yang diminta oleh soal. Siswa perlu menguraikan secara lengkap jenis gas yang dilepaskan ke atmosfer untuk memenuhi kriteria jawaban yang benar.,"Jawaban siswa tidak mencakup kata kunci penting seperti gas berbahaya, melepaskan gas, atau ke atmosfer. Jawaban tersebut hanya berupa satu huruf dan belum memberikan penjelasan yang sesuai dengan kunci jawaban."
MID,336,634,73,dari karbon yang mereka keluarkan,Pembakaran bahan bakar fosil melepaskan gas berbahaya seperti karbon monoksida dan karbon dioksida ke atmosfer.,53.14,12.3,65.29,55.67,"Kurang tepat, perbaiki lagi konsepnya.","Jawaban belum mencakup konsep penting: gas berbahaya, melepaskan gas, ke atmosfer.",Jawaban kurang tepat (53.1% sesuai kunci). Periksa kembali konsep utama dan gunakan kata kunci yang relevan.,Jawaban kurang lengkap karena hanya menyebutkan unsur karbon tanpa menjelaskan proses pembakaran bahan bakar fosil dan dampaknya bagi atmosfer. Siswa perlu merinci jenis gas spesifik (seperti karbon monoksida/dioksida) agar penjelasan lebih akurat dan menyeluruh sesuai kunci jawaban.,"Jawaban siswa belum mencakup kata kunci penting seperti ""gas berbahaya"" dan ""ke atmosfer"". Penjelasan mengenai pelepasan karbon tersebut masih kurang lengkap dan kurang spesifik dibandingkan kunci jawaban."
MID,336,635,77,"Kendaraan fosil adalah sumber utama polusi udara di perkotaan karena mereka secara konstan melepaskan zat beracun ke udara — memengaruhi kesehatan manusia, lingkungan, dan iklim.",Pembakaran bahan bakar fosil melepaskan gas berbahaya seperti karbon monoksida dan karbon dioksida ke atmosfer.,56.75,10.66,60.51,72.68,"Kurang tepat, perbaiki lagi konsepnya.","Jawaban belum mencakup konsep penting: gas berbahaya, melepaskan gas, ke atmosfer.",Jawaban kurang tepat (56.8% sesuai kunci). Periksa kembali konsep utama dan gunakan kata kunci yang relevan.,"Jawaban siswa sudah benar secara konsep mengenai dampak polusi, namun kurang spesifik karena tidak menyebutkan jenis gas yang dilepaskan secara mendetail. Sebaiknya sebutkan karbon monoksida dan karbon dioksida sesuai kunci jawaban agar penjelasan lebih akurat secara ilmiah.","Jawaban Anda sudah mencakup semua poin dari kata kunci penting, meskipun menggunakan sinonim seperti ""zat beracun"" dan ""ke udara"". Secara keseluruhan, inti dari kunci jawaban telah tersampaikan dengan baik dan akurat."
MID,336,637,87,"Kendaraan berbahan bakar fosil dianggap penyumbang polusi udara utama karena proses pembakaran bensin atau solar menghasilkan berbagai zat berbahaya seperti karbon monoksida (CO), karbon dioksida (CO₂), nitrogen oksida (NOx), dan partikel halus yang mencemari udara, berkontribusi pada pemanasan global, serta berdampak buruk bagi kesehatan manusia terutama sistem pernapasan.",Pembakaran bahan bakar fosil melepaskan gas berbahaya seperti karbon monoksida dan karbon dioksida ke atmosfer.,63.1,26.89,83.61,77.07,"Kurang tepat, perbaiki lagi konsepnya.","Jawaban belum mencakup konsep penting: melepaskan gas, ke atmosfer, bahan bakar.",Jawaban kurang tepat (63.1% sesuai kunci). Periksa kembali konsep utama dan gunakan kata kunci yang relevan.,"Jawaban siswa sebenarnya sudah sangat tepat dan jauh lebih komprehensif daripada kunci jawaban karena merinci jenis polutan serta dampak kesehatan secara mendalam. Nilai tersebut kemungkinan rendah karena adanya ketidaksesuaian kata kunci dengan sistem penilaian, padahal secara substansi jawaban sudah sangat lengkap dan benar.","Jawaban siswa sudah sangat lengkap dan mencakup seluruh kata kunci penting, yaitu pelepasan gas berbahaya ke atmosfer (udara). Penjelasan yang diberikan bahkan lebih mendalam dengan menyertakan jenis gas spesifik serta dampaknya bagi kesehatan dan lingkungan."
MID,336,638,96,"karena proses pembakaran mesin melepaskan emisi gas beracun secara masif, seperti karbon monoksida (CO), nitrogen oksida (
), dan partikulat (PM2.5/PM10). Emisi ini memicu pemanasan global, kabut asap, serta dampak kesehatan",Pembakaran bahan bakar fosil melepaskan gas berbahaya seperti karbon monoksida dan karbon dioksida ke atmosfer.,67.27,21.83,84.41,73.29,"Kurang tepat, perbaiki lagi konsepnya.","Jawaban belum mencakup konsep penting: ke atmosfer, bahan bakar.",Jawaban cukup baik (67.3% sesuai kunci). Coba tambahkan detail atau istilah yang lebih spesifik sesuai materi.,"Jawaban siswa sebenarnya sangat komprehensif dan benar, namun nilai tersebut kurang maksimal karena belum menyebutkan kata kunci ""karbon dioksida"" secara eksplisit seperti pada kunci jawaban. Pastikan poin utama dari kunci jawaban tetap disertakan di samping penjelasan teknis tambahan yang sudah sangat baik tersebut.","Jawaban siswa telah mencakup kata kunci ""melepaskan gas"" dan ""gas berbahaya"" dengan penjelasan yang sangat mendalam. Namun, kata kunci ""ke atmosfer"" belum disebutkan secara eksplisit dalam jawaban tersebut."
HIGH,335,633,56,P,"Mematikan keran air saat menyabuni tangan atau menyikat gigi, serta memperbaiki kebocoran pipa.",17.25,0.0,13.9,21.93,Jawaban tidak relevan dengan kunci jawaban.,Jawaban terlalu singkat atau kosong.,Jawaban terlalu singkat. Kemiripan dengan kunci jawaban hanya 17.2%.,Jawaban siswa sangat tidak memadai karena hanya berupa satu huruf yang tidak memiliki kaitan dengan materi penghematan air. Siswa perlu menuliskan jawaban dalam bentuk kalimat yang lengkap dan relevan sesuai dengan instruksi pada kunci jawaban.,Jawaban siswa sama sekali belum mencakup kata kunci penting yang diminta karena hanya berisi satu huruf. Harap berikan penjelasan yang lebih lengkap sesuai dengan isi kunci jawaban.
HIGH,335,634,72,menggunakan Air secukupnya,"Mematikan keran air saat menyabuni tangan atau menyikat gigi, serta memperbaiki kebocoran pipa.",61.06,9.04,51.4,46.02,"Kurang tepat, perbaiki lagi konsepnya.","Jawaban belum mencakup konsep penting: atau menyikat, serta memperbaiki.",Jawaban kurang tepat (61.1% sesuai kunci). Periksa kembali konsep utama dan gunakan kata kunci yang relevan.,"Jawaban siswa sudah benar secara prinsip, namun terlalu umum sehingga kurang mendetail. Siswa perlu memberikan contoh tindakan spesifik, seperti mematikan keran atau memperbaiki kebocoran, agar sesuai dengan permintaan kunci jawaban.",Jawaban tersebut masih terlalu umum dan belum mencakup kata kunci penting seperti mematikan keran saat menyabuni atau menyikat gigi. Cobalah memberikan contoh tindakan yang lebih spesifik agar sesuai dengan kunci jawaban.
HIGH,335,635,76,Matikan keran saat menyikat gigi atau mencuci piring.,"Mematikan keran air saat menyabuni tangan atau menyikat gigi, serta memperbaiki kebocoran pipa.",76.02,33.17,75.73,80.21,"Bagus, namun ada sedikit perbedaan istilah.",Jawaban sudah mencakup seluruh poin penting dari kunci jawaban.,Jawaban cukup baik (76.0% sesuai kunci). Coba tambahkan detail atau istilah yang lebih spesifik sesuai materi.,"Jawaban siswa sudah benar dalam menyebutkan salah satu perilaku hemat air, namun belum mencantumkan poin penting mengenai perbaikan kebocoran pipa. Untuk mendapatkan nilai sempurna, siswa perlu melengkapi jawaban dengan tindakan teknis lainnya seperti yang tertera pada kunci jawaban.",Sebagian besar kata kunci penting seperti mematikan keran dan menyikat gigi sudah tercakup dalam jawabanmu. Kamu telah menyebutkan contoh tindakan penghematan air dengan tepat.
HIGH,335,637,93,membuat mesin saring dri air kotor menjadi air bersih,"Mematikan keran air saat menyabuni tangan atau menyikat gigi, serta memperbaiki kebocoran pipa.",67.31,9.53,59.43,51.72,"Kurang tepat, perbaiki lagi konsepnya.",Jawaban sudah mencakup seluruh poin penting dari kunci jawaban.,Jawaban cukup baik (67.3% sesuai kunci). Coba tambahkan detail atau istilah yang lebih spesifik sesuai materi.,"Jawaban kurang tepat karena fokus pada pengolahan air limbah, bukan cara menghemat penggunaan air bersih sesuai kunci jawaban. Siswa perlu diperbaiki dengan memberikan contoh tindakan praktis untuk mengurangi pemborosan air secara langsung dalam aktivitas sehari-hari.","Jawaban Anda belum mencakup kata kunci penting seperti ""mematikan keran"" atau ""saat menyabuni"" karena lebih fokus pada pengolahan air bersih. Sebaiknya arahkan jawaban pada tindakan penghematan air secara langsung sesuai dengan petunjuk kunci jawaban."
HIGH,335,638,95,mematikan keran air ketika sudah tidak digunakan,"Mematikan keran air saat menyabuni tangan atau menyikat gigi, serta memperbaiki kebocoran pipa.",76.05,19.05,52.81,69.17,"Bagus, namun ada sedikit perbedaan istilah.",Jawaban sudah mencakup seluruh poin penting dari kunci jawaban.,Jawaban cukup baik (76.0% sesuai kunci). Coba tambahkan detail atau istilah yang lebih spesifik sesuai materi.,"Jawaban siswa sudah benar secara umum, namun kurang spesifik dalam memberikan contoh penghematan air saat kegiatan berlangsung (seperti saat menyabuni tangan). Untuk hasil maksimal, siswa perlu menambahkan tindakan preventif lain seperti memperbaiki kebocoran pipa sesuai dengan kunci jawaban.","Kata kunci ""mematikan keran"" sudah tercakup dalam jawabanmu, namun kata kunci ""saat menyabuni"" atau ""menyikat"" belum disebutkan. Jawabanmu masih bersifat umum dan belum menyertakan konteks spesifik yang diminta oleh kunci jawaban."
